{
  "cat": {
    "FID": 273.5315482687679,
    "KID": 26.94504165649414
  },
  "bus": {
    "FID": 199.3411132843368,
    "KID": 16.59858512878418
  },
  "rabbit": {
    "FID": 172.15136104166132,
    "KID": 15.482131958007812
  }
}